dataset,avg_psnr,avg_ssim,num_images
Test1200,29.57527006664751,0.8645062160999005,1199
