dataset,avg_psnr,avg_ssim,num_images
Rain100L,33.28268784752919,0.9454129749536514,100
