dataset,avg_psnr,avg_ssim,num_images
Test2800,31.20163818264705,0.9162023450859955,2800
