dataset,avg_psnr,avg_ssim,num_images
Test100,26.456271899126776,0.8435367552601561,98
