dataset,avg_psnr,avg_ssim,num_images
Rain100H,27.449929285625345,0.8490247052907943,100
