dataset,avg_psnr,avg_ssim,num_images
Test1200,30.70529348054756,0.8776619789051552,1199
