dataset,avg_psnr,avg_ssim,num_images
Test2800,31.5729746389112,0.9219761625145163,2800
