dataset,avg_psnr,avg_ssim,num_images
Rain100L,33.78503194652265,0.9524475198984146,100
