dataset,avg_psnr,avg_ssim,num_images
Test100,27.72355756489656,0.8570822246220647,98
