dataset,avg_psnr,avg_ssim,num_images
Rain100H,27.575351325845617,0.8578758853673935,100
