dataset,avg_psnr,avg_ssim,num_images
Test100,28.121515943648244,0.8647731378370401,98
