dataset,avg_psnr,avg_ssim,num_images
Test1200,30.68827216314836,0.8766160258650779,1200
