dataset,avg_psnr,avg_ssim,num_images
Rain100H,27.602362228359876,0.8604393321275711,100
