dataset,avg_psnr,avg_ssim,num_images
Rain100L,34.4935765405441,0.956523305773735,100
