dataset,avg_psnr,avg_ssim,num_images
Test2800,31.715050012831718,0.9238913153750555,2800
