dataset,avg_psnr,avg_ssim,num_images
Test100,26.957798678453994,0.8489059732884777,98
