dataset,avg_psnr,avg_ssim,num_images
Rain100H,27.697592857891742,0.8501181840896607,100
