dataset,avg_psnr,avg_ssim,num_images
Rain100L,33.50320494541621,0.9480933028459549,100
