dataset,avg_psnr,avg_ssim,num_images
Test1200,30.829285967202487,0.8771987194692095,1200
