dataset,avg_psnr,avg_ssim,num_images
Test2800,31.508483372136023,0.9202873201242515,2800
